<?xml version="1.0" encoding="UTF-8"?>
<beans xmlns="http://www.springframework.org/schema/beans"
	xmlns:xsi="http://www.w3.org/2001/XMLSchema-instance" xmlns:p="http://www.springframework.org/schema/p"
	xmlns:context="http://www.springframework.org/schema/context"
	xmlns:mvc="http://www.springframework.org/schema/mvc"
	xsi:schemaLocation="http://www.springframework.org/schema/beans http://www.springframework.org/schema/beans/spring-beans.xsd
        http://www.springframework.org/schema/mvc http://www.springframework.org/schema/mvc/spring-mvc-4.0.xsd
        http://www.springframework.org/schema/context http://www.springframework.org/schema/context/spring-context.xsd">
	
	<context:component-scan base-package="com.bdqn.controller"/>
	
	<mvc:interceptors>
		<mvc:interceptor>
			<mvc:mapping path="/HMS/**" />							
			<bean class="com.bdqn.interceptor.SimpleHandlerInterceptor" />	
		</mvc:interceptor>
	</mvc:interceptors>
	
	<!-- 注解驱动 -->
	<mvc:annotation-driven>
		<mvc:message-converters>
			<bean class="org.springframework.http.converter.StringHttpMessageConverter">
				<property name="supportedMediaTypes">
					<list>
						<value>application/json;charset=UTF-8</value>
					</list>
				</property>
			</bean>
		</mvc:message-converters>
	</mvc:annotation-driven>
	
	
	
	<!-- SpringMVC 上传 文件 -->
	<bean id="multipartResolver" class="org.springframework.web.multipart.commons.CommonsMultipartResolver">
		<property name="maxUploadSize" value="5242880"></property>	<!-- 上传文件大小限制  单位字节 5*1024*1025-->
		<property name="defaultEncoding" value="UTF-8"></property>	<!-- 请求的编码格式  默认 ISO-8895-1 -->
	</bean>
	
	<bean class="org.springframework.web.servlet.view.InternalResourceViewResolver">
		<property name="prefix" value="/WEB-INF/jsp/"></property>
		<property name="suffix" value=".jsp"></property>
	</bean>
	
	<mvc:resources location="/statics/" mapping="/statics/**"/>
	

	
	
</beans>