<?xml version="1.0" encoding="UTF-8" ?>
<!DOCTYPE mapper PUBLIC "-//mybatis.org//DTD Mapper 3.0//EN" "http://mybatis.org/dtd/mybatis-3-mapper.dtd" >
<mapper namespace="com.bdqn.mapper.TbDoctorsMapper" >
  <resultMap id="BaseResultMap" type="com.bdqn.pojo.TbDoctors" >
    <id column="doctorId" property="doctorid" jdbcType="INTEGER" />
    <result column="doctorName" property="doctorname" jdbcType="VARCHAR" />
    <result column="idcard" property="idcard" jdbcType="VARCHAR" />
    <result column="phone" property="phone" jdbcType="VARCHAR" />
    <result column="telephone" property="telephone" jdbcType="VARCHAR" />
    <result column="sex" property="sex" jdbcType="VARCHAR" />
    <result column="birthday" property="birthday" jdbcType="TIMESTAMP" />
    <result column="email" property="email" jdbcType="VARCHAR" />
    <result column="opdId" property="opdid" jdbcType="INTEGER" />
    <result column="education" property="education" jdbcType="VARCHAR" />
    <result column="remarks" property="remarks" jdbcType="VARCHAR" />
    <result column="created" property="created" jdbcType="TIMESTAMP" />
    <result column="updated" property="updated" jdbcType="TIMESTAMP" />
  </resultMap>
  

  
  <sql id="Example_Where_Clause" >
    <where >
      <foreach collection="oredCriteria" item="criteria" separator="or" >
        <if test="criteria.valid" >
          <trim prefix="(" suffix=")" prefixOverrides="and" >
            <foreach collection="criteria.criteria" item="criterion" >
              <choose >
                <when test="criterion.noValue" >
                  and ${criterion.condition}
                </when>
                <when test="criterion.singleValue" >
                  and ${criterion.condition} #{criterion.value}
                </when>
                <when test="criterion.betweenValue" >
                  and ${criterion.condition} #{criterion.value} and #{criterion.secondValue}
                </when>
                <when test="criterion.listValue" >
                  and ${criterion.condition}
                  <foreach collection="criterion.value" item="listItem" open="(" close=")" separator="," >
                    #{listItem}
                  </foreach>
                </when>
              </choose>
            </foreach>
          </trim>
        </if>
      </foreach>
    </where>
  </sql>
  <sql id="Update_By_Example_Where_Clause" >
    <where >
      <foreach collection="example.oredCriteria" item="criteria" separator="or" >
        <if test="criteria.valid" >
          <trim prefix="(" suffix=")" prefixOverrides="and" >
            <foreach collection="criteria.criteria" item="criterion" >
              <choose >
                <when test="criterion.noValue" >
                  and ${criterion.condition}
                </when>
                <when test="criterion.singleValue" >
                  and ${criterion.condition} #{criterion.value}
                </when>
                <when test="criterion.betweenValue" >
                  and ${criterion.condition} #{criterion.value} and #{criterion.secondValue}
                </when>
                <when test="criterion.listValue" >
                  and ${criterion.condition}
                  <foreach collection="criterion.value" item="listItem" open="(" close=")" separator="," >
                    #{listItem}
                  </foreach>
                </when>
              </choose>
            </foreach>
          </trim>
        </if>
      </foreach>
    </where>
  </sql>
  <sql id="Base_Column_List" >
    doctorId, doctorName, idcard, phone, telephone, sex, birthday, email, opdId, education, 
    remarks, created, updated
  </sql>
  <select id="selectByExample" resultMap="BaseResultMap" parameterType="com.bdqn.pojo.TbDoctorsExample" >
    select
    <if test="distinct" >
      distinct
    </if>
    <include refid="Base_Column_List" />
    from tb_doctors
    <if test="_parameter != null" >
      <include refid="Example_Where_Clause" />
    </if>
    <if test="orderByClause != null" >
      order by ${orderByClause}
    </if>
  </select>
  
      <!-- 查询 -->
  <select id="selectTbDoctorList" resultType="com.bdqn.pojo.TbDoctors">
		select doctorId,doctorName,created,
		<if test="name!=null">
			(select name from tb_opd where tb_opd.`id`=tb_doctors.`opdId` and name like CONCAT('%',#{name},'%')  ) as opdName 
		</if>
		<if test="name == null">
			(select name from tb_opd where tb_opd.`id`=tb_doctors.`opdId` ) as opdName 
		</if>
		  from tb_doctors where 1=1
		 <if test="doctorid != null">
			 and doctorId like CONCAT('%',#{doctorid},'%') 
		 </if>
		  <if test="doctorname != null">
			 and doctorname like CONCAT('%',#{doctorname},'%') 
		 </if>
		 <if test="name!=null">
			and opdid in (select id from tb_opd where tb_opd.`id`=tb_doctors.`opdId` and name like CONCAT('%',#{name},'%')  ) 
		</if>
		  order by updated desc 
  </select>
  
  
  <select id="selectByPrimaryKey" resultMap="BaseResultMap" parameterType="java.lang.Integer" >
    select 
    <include refid="Base_Column_List" />
    from tb_doctors
    where doctorId = #{doctorid,jdbcType=INTEGER}
  </select>
  <delete id="deleteByPrimaryKey" parameterType="java.lang.Integer" >
    delete from tb_doctors
    where doctorId = #{doctorid,jdbcType=INTEGER}
  </delete>
  <delete id="deleteByExample" parameterType="com.bdqn.pojo.TbDoctorsExample" >
    delete from tb_doctors
    <if test="_parameter != null" >
      <include refid="Example_Where_Clause" />
    </if>
  </delete>
  <insert id="insert" parameterType="com.bdqn.pojo.TbDoctors" >
    insert into tb_doctors (doctorId, doctorName, idcard, 
      phone, telephone, sex, 
      birthday, email, opdId, 
      education, remarks, created, 
      updated)
    values (#{doctorid,jdbcType=INTEGER}, #{doctorname,jdbcType=VARCHAR}, #{idcard,jdbcType=VARCHAR}, 
      #{phone,jdbcType=VARCHAR}, #{telephone,jdbcType=VARCHAR}, #{sex,jdbcType=VARCHAR}, 
      #{birthday,jdbcType=TIMESTAMP}, #{email,jdbcType=VARCHAR}, #{opdid,jdbcType=INTEGER}, 
      #{education,jdbcType=VARCHAR}, #{remarks,jdbcType=VARCHAR}, #{created,jdbcType=TIMESTAMP}, 
      #{updated,jdbcType=TIMESTAMP})
  </insert>
  <insert id="insertSelective" parameterType="com.bdqn.pojo.TbDoctors" >
    insert into tb_doctors
    <trim prefix="(" suffix=")" suffixOverrides="," >
      <if test="doctorid != null" >
        doctorId,
      </if>
      <if test="doctorname != null" >
        doctorName,
      </if>
      <if test="idcard != null" >
        idcard,
      </if>
      <if test="phone != null" >
        phone,
      </if>
      <if test="telephone != null" >
        telephone,
      </if>
      <if test="sex != null" >
        sex,
      </if>
      <if test="birthday != null" >
        birthday,
      </if>
      <if test="email != null" >
        email,
      </if>
      <if test="opdid != null" >
        opdId,
      </if>
      <if test="education != null" >
        education,
      </if>
      <if test="remarks != null" >
        remarks,
      </if>
      <if test="created != null" >
        created,
      </if>
      <if test="updated != null" >
        updated,
      </if>
    </trim>
    <trim prefix="values (" suffix=")" suffixOverrides="," >
      <if test="doctorid != null" >
        #{doctorid,jdbcType=INTEGER},
      </if>
      <if test="doctorname != null" >
        #{doctorname,jdbcType=VARCHAR},
      </if>
      <if test="idcard != null" >
        #{idcard,jdbcType=VARCHAR},
      </if>
      <if test="phone != null" >
        #{phone,jdbcType=VARCHAR},
      </if>
      <if test="telephone != null" >
        #{telephone,jdbcType=VARCHAR},
      </if>
      <if test="sex != null" >
        #{sex,jdbcType=VARCHAR},
      </if>
      <if test="birthday != null" >
        #{birthday,jdbcType=TIMESTAMP},
      </if>
      <if test="email != null" >
        #{email,jdbcType=VARCHAR},
      </if>
      <if test="opdid != null" >
        #{opdid,jdbcType=INTEGER},
      </if>
      <if test="education != null" >
        #{education,jdbcType=VARCHAR},
      </if>
      <if test="remarks != null" >
        #{remarks,jdbcType=VARCHAR},
      </if>
      <if test="created != null" >
        #{created,jdbcType=TIMESTAMP},
      </if>
      <if test="updated != null" >
        #{updated,jdbcType=TIMESTAMP},
      </if>
    </trim>
  </insert>
  <select id="countByExample" parameterType="com.bdqn.pojo.TbDoctorsExample" resultType="java.lang.Integer" >
    select count(*) from tb_doctors
    <if test="_parameter != null" >
      <include refid="Example_Where_Clause" />
    </if>
  </select>
  <update id="updateByExampleSelective" parameterType="map" >
    update tb_doctors
    <set >
      <if test="record.doctorid != null" >
        doctorId = #{record.doctorid,jdbcType=INTEGER},
      </if>
      <if test="record.doctorname != null" >
        doctorName = #{record.doctorname,jdbcType=VARCHAR},
      </if>
      <if test="record.idcard != null" >
        idcard = #{record.idcard,jdbcType=VARCHAR},
      </if>
      <if test="record.phone != null" >
        phone = #{record.phone,jdbcType=VARCHAR},
      </if>
      <if test="record.telephone != null" >
        telephone = #{record.telephone,jdbcType=VARCHAR},
      </if>
      <if test="record.sex != null" >
        sex = #{record.sex,jdbcType=VARCHAR},
      </if>
      <if test="record.birthday != null" >
        birthday = #{record.birthday,jdbcType=TIMESTAMP},
      </if>
      <if test="record.email != null" >
        email = #{record.email,jdbcType=VARCHAR},
      </if>
      <if test="record.opdid != null" >
        opdId = #{record.opdid,jdbcType=INTEGER},
      </if>
      <if test="record.education != null" >
        education = #{record.education,jdbcType=VARCHAR},
      </if>
      <if test="record.remarks != null" >
        remarks = #{record.remarks,jdbcType=VARCHAR},
      </if>
      <if test="record.created != null" >
        created = #{record.created,jdbcType=TIMESTAMP},
      </if>
      <if test="record.updated != null" >
        updated = #{record.updated,jdbcType=TIMESTAMP},
      </if>
    </set>
    <if test="_parameter != null" >
      <include refid="Update_By_Example_Where_Clause" />
    </if>
  </update>
  <update id="updateByExample" parameterType="map" >
    update tb_doctors
    set doctorId = #{record.doctorid,jdbcType=INTEGER},
      doctorName = #{record.doctorname,jdbcType=VARCHAR},
      idcard = #{record.idcard,jdbcType=VARCHAR},
      phone = #{record.phone,jdbcType=VARCHAR},
      telephone = #{record.telephone,jdbcType=VARCHAR},
      sex = #{record.sex,jdbcType=VARCHAR},
      birthday = #{record.birthday,jdbcType=TIMESTAMP},
      email = #{record.email,jdbcType=VARCHAR},
      opdId = #{record.opdid,jdbcType=INTEGER},
      education = #{record.education,jdbcType=VARCHAR},
      remarks = #{record.remarks,jdbcType=VARCHAR},
      created = #{record.created,jdbcType=TIMESTAMP},
      updated = #{record.updated,jdbcType=TIMESTAMP}
    <if test="_parameter != null" >
      <include refid="Update_By_Example_Where_Clause" />
    </if>
  </update>
  <update id="updateByPrimaryKeySelective" parameterType="com.bdqn.pojo.TbDoctors" >
    update tb_doctors
    <set >
      <if test="doctorname != null" >
        doctorName = #{doctorname,jdbcType=VARCHAR},
      </if>
      <if test="idcard != null" >
        idcard = #{idcard,jdbcType=VARCHAR},
      </if>
      <if test="phone != null" >
        phone = #{phone,jdbcType=VARCHAR},
      </if>
      <if test="telephone != null" >
        telephone = #{telephone,jdbcType=VARCHAR},
      </if>
      <if test="sex != null" >
        sex = #{sex,jdbcType=VARCHAR},
      </if>
      <if test="birthday != null" >
        birthday = #{birthday,jdbcType=TIMESTAMP},
      </if>
      <if test="email != null" >
        email = #{email,jdbcType=VARCHAR},
      </if>
      <if test="opdid != null" >
        opdId = #{opdid,jdbcType=INTEGER},
      </if>
      <if test="education != null" >
        education = #{education,jdbcType=VARCHAR},
      </if>
      <if test="remarks != null" >
        remarks = #{remarks,jdbcType=VARCHAR},
      </if>
      <if test="created != null" >
        created = #{created,jdbcType=TIMESTAMP},
      </if>
      <if test="updated != null" >
        updated = #{updated,jdbcType=TIMESTAMP},
      </if>
    </set>
    where doctorId = #{doctorid,jdbcType=INTEGER}
  </update>
  <update id="updateByPrimaryKey" parameterType="com.bdqn.pojo.TbDoctors" >
    update tb_doctors
    set doctorName = #{doctorname,jdbcType=VARCHAR},
      idcard = #{idcard,jdbcType=VARCHAR},
      phone = #{phone,jdbcType=VARCHAR},
      telephone = #{telephone,jdbcType=VARCHAR},
      sex = #{sex,jdbcType=VARCHAR},
      birthday = #{birthday,jdbcType=TIMESTAMP},
      email = #{email,jdbcType=VARCHAR},
      opdId = #{opdid,jdbcType=INTEGER},
      education = #{education,jdbcType=VARCHAR},
      remarks = #{remarks,jdbcType=VARCHAR},
      created = #{created,jdbcType=TIMESTAMP},
      updated = #{updated,jdbcType=TIMESTAMP}
    where doctorId = #{doctorid,jdbcType=INTEGER}
  </update>

  
</mapper>