<?xml version="1.0" encoding="UTF-8" ?>
<!DOCTYPE mapper PUBLIC "-//mybatis.org//DTD Mapper 3.0//EN" "http://mybatis.org/dtd/mybatis-3-mapper.dtd" >
<mapper namespace="com.bdqn.mapper.TbUserMapper" >
  <resultMap id="BaseResultMap" type="com.bdqn.pojo.TbUser" >
    <id column="id" property="id" jdbcType="INTEGER" />
    <result column="loginName" property="loginname" jdbcType="VARCHAR" />
    <result column="loginPwd" property="loginpwd" jdbcType="VARCHAR" />
    <result column="userName" property="username" jdbcType="VARCHAR" />
    <result column="email" property="email" jdbcType="VARCHAR" />
    <result column="status" property="status" jdbcType="INTEGER" />
    <result column="roleId" property="roleid" jdbcType="INTEGER" />
    <result column="created" property="created" jdbcType="TIMESTAMP" />
    <result column="updated" property="updated" jdbcType="TIMESTAMP" />
  </resultMap>
  <sql id="Example_Where_Clause" >
    <where >
      <foreach collection="oredCriteria" item="criteria" separator="or" >
        <if test="criteria.valid" >
          <trim prefix="(" suffix=")" prefixOverrides="and" >
            <foreach collection="criteria.criteria" item="criterion" >
              <choose >
                <when test="criterion.noValue" >
                  and ${criterion.condition}
                </when>
                <when test="criterion.singleValue" >
                  and ${criterion.condition} #{criterion.value}
                </when>
                <when test="criterion.betweenValue" >
                  and ${criterion.condition} #{criterion.value} and #{criterion.secondValue}
                </when>
                <when test="criterion.listValue" >
                  and ${criterion.condition}
                  <foreach collection="criterion.value" item="listItem" open="(" close=")" separator="," >
                    #{listItem}
                  </foreach>
                </when>
              </choose>
            </foreach>
          </trim>
        </if>
      </foreach>
    </where>
  </sql>
  <sql id="Update_By_Example_Where_Clause" >
    <where >
      <foreach collection="example.oredCriteria" item="criteria" separator="or" >
        <if test="criteria.valid" >
          <trim prefix="(" suffix=")" prefixOverrides="and" >
            <foreach collection="criteria.criteria" item="criterion" >
              <choose >
                <when test="criterion.noValue" >
                  and ${criterion.condition}
                </when>
                <when test="criterion.singleValue" >
                  and ${criterion.condition} #{criterion.value}
                </when>
                <when test="criterion.betweenValue" >
                  and ${criterion.condition} #{criterion.value} and #{criterion.secondValue}
                </when>
                <when test="criterion.listValue" >
                  and ${criterion.condition}
                  <foreach collection="criterion.value" item="listItem" open="(" close=")" separator="," >
                    #{listItem}
                  </foreach>
                </when>
              </choose>
            </foreach>
          </trim>
        </if>
      </foreach>
    </where>
  </sql>
  <sql id="Base_Column_List" >
    id, loginName, loginPwd, userName, email, status, roleId, created, updated
  </sql>
  <select id="selectByExample" resultMap="BaseResultMap" parameterType="com.bdqn.pojo.TbUserExample" >
    select
    <if test="distinct" >
      distinct
    </if>
    <include refid="Base_Column_List" />
    from tb_user
    <if test="_parameter != null" >
      <include refid="Example_Where_Clause" />
    </if>
    <if test="orderByClause != null" >
      order by ${orderByClause}
    </if>
  </select>
  <select id="selectByPrimaryKey" resultMap="BaseResultMap" parameterType="java.lang.Integer" >
    select 
    <include refid="Base_Column_List" />
    from tb_user
    where id = #{id,jdbcType=INTEGER}
  </select>
  <delete id="deleteByPrimaryKey" parameterType="java.lang.Integer" >
    delete from tb_user
    where id = #{id,jdbcType=INTEGER}
  </delete>
  <delete id="deleteByExample" parameterType="com.bdqn.pojo.TbUserExample" >
    delete from tb_user
    <if test="_parameter != null" >
      <include refid="Example_Where_Clause" />
    </if>
  </delete>
  <insert id="insert" parameterType="com.bdqn.pojo.TbUser" >
    insert into tb_user (id, loginName, loginPwd, 
      userName, email, status, 
      roleId, created, updated
      )
    values (#{id,jdbcType=INTEGER}, #{loginname,jdbcType=VARCHAR}, #{loginpwd,jdbcType=VARCHAR}, 
      #{username,jdbcType=VARCHAR}, #{email,jdbcType=VARCHAR}, #{status,jdbcType=INTEGER}, 
      #{roleid,jdbcType=INTEGER}, #{created,jdbcType=TIMESTAMP}, #{updated,jdbcType=TIMESTAMP}
      )
  </insert>
  <insert id="insertSelective" parameterType="com.bdqn.pojo.TbUser" >
    insert into tb_user
    <trim prefix="(" suffix=")" suffixOverrides="," >
      <if test="id != null" >
        id,
      </if>
      <if test="loginname != null" >
        loginName,
      </if>
      <if test="loginpwd != null" >
        loginPwd,
      </if>
      <if test="username != null" >
        userName,
      </if>
      <if test="email != null" >
        email,
      </if>
      <if test="status != null" >
        status,
      </if>
      <if test="roleid != null" >
        roleId,
      </if>
      <if test="created != null" >
        created,
      </if>
      <if test="updated != null" >
        updated,
      </if>
    </trim>
    <trim prefix="values (" suffix=")" suffixOverrides="," >
      <if test="id != null" >
        #{id,jdbcType=INTEGER},
      </if>
      <if test="loginname != null" >
        #{loginname,jdbcType=VARCHAR},
      </if>
      <if test="loginpwd != null" >
        #{loginpwd,jdbcType=VARCHAR},
      </if>
      <if test="username != null" >
        #{username,jdbcType=VARCHAR},
      </if>
      <if test="email != null" >
        #{email,jdbcType=VARCHAR},
      </if>
      <if test="status != null" >
        #{status,jdbcType=INTEGER},
      </if>
      <if test="roleid != null" >
        #{roleid,jdbcType=INTEGER},
      </if>
      <if test="created != null" >
        #{created,jdbcType=TIMESTAMP},
      </if>
      <if test="updated != null" >
        #{updated,jdbcType=TIMESTAMP},
      </if>
    </trim>
  </insert>
  <select id="countByExample" parameterType="com.bdqn.pojo.TbUserExample" resultType="java.lang.Integer" >
    select count(*) from tb_user
    <if test="_parameter != null" >
      <include refid="Example_Where_Clause" />
    </if>
  </select>
  <update id="updateByExampleSelective" parameterType="map" >
    update tb_user
    <set >
      <if test="record.id != null" >
        id = #{record.id,jdbcType=INTEGER},
      </if>
      <if test="record.loginname != null" >
        loginName = #{record.loginname,jdbcType=VARCHAR},
      </if>
      <if test="record.loginpwd != null" >
        loginPwd = #{record.loginpwd,jdbcType=VARCHAR},
      </if>
      <if test="record.username != null" >
        userName = #{record.username,jdbcType=VARCHAR},
      </if>
      <if test="record.email != null" >
        email = #{record.email,jdbcType=VARCHAR},
      </if>
      <if test="record.status != null" >
        status = #{record.status,jdbcType=INTEGER},
      </if>
      <if test="record.roleid != null" >
        roleId = #{record.roleid,jdbcType=INTEGER},
      </if>
      <if test="record.created != null" >
        created = #{record.created,jdbcType=TIMESTAMP},
      </if>
      <if test="record.updated != null" >
        updated = #{record.updated,jdbcType=TIMESTAMP},
      </if>
    </set>
    <if test="_parameter != null" >
      <include refid="Update_By_Example_Where_Clause" />
    </if>
  </update>
  <update id="updateByExample" parameterType="map" >
    update tb_user
    set id = #{record.id,jdbcType=INTEGER},
      loginName = #{record.loginname,jdbcType=VARCHAR},
      loginPwd = #{record.loginpwd,jdbcType=VARCHAR},
      userName = #{record.username,jdbcType=VARCHAR},
      email = #{record.email,jdbcType=VARCHAR},
      status = #{record.status,jdbcType=INTEGER},
      roleId = #{record.roleid,jdbcType=INTEGER},
      created = #{record.created,jdbcType=TIMESTAMP},
      updated = #{record.updated,jdbcType=TIMESTAMP}
    <if test="_parameter != null" >
      <include refid="Update_By_Example_Where_Clause" />
    </if>
  </update>
  <update id="updateByPrimaryKeySelective" parameterType="com.bdqn.pojo.TbUser" >
    update tb_user
    <set >
      <if test="loginname != null" >
        loginName = #{loginname,jdbcType=VARCHAR},
      </if>
      <if test="loginpwd != null" >
        loginPwd = #{loginpwd,jdbcType=VARCHAR},
      </if>
      <if test="username != null" >
        userName = #{username,jdbcType=VARCHAR},
      </if>
      <if test="email != null" >
        email = #{email,jdbcType=VARCHAR},
      </if>
      <if test="status != null" >
        status = #{status,jdbcType=INTEGER},
      </if>
      <if test="roleid != null" >
        roleId = #{roleid,jdbcType=INTEGER},
      </if>
      <if test="created != null" >
        created = #{created,jdbcType=TIMESTAMP},
      </if>
      <if test="updated != null" >
        updated = #{updated,jdbcType=TIMESTAMP},
      </if>
    </set>
    where id = #{id,jdbcType=INTEGER}
  </update>
  <update id="updateByPrimaryKey" parameterType="com.bdqn.pojo.TbUser" >
    update tb_user
    set loginName = #{loginname,jdbcType=VARCHAR},
      loginPwd = #{loginpwd,jdbcType=VARCHAR},
      userName = #{username,jdbcType=VARCHAR},
      email = #{email,jdbcType=VARCHAR},
      status = #{status,jdbcType=INTEGER},
      roleId = #{roleid,jdbcType=INTEGER},
      created = #{created,jdbcType=TIMESTAMP},
      updated = #{updated,jdbcType=TIMESTAMP}
    where id = #{id,jdbcType=INTEGER}
  </update>
</mapper>